input,gt,pred,mode,retrieval_score,latency_ms,sentence_bleu
🥚 🧀 🍞 🥛 😋,The breakfast included eggs cheese bread and fresh milk,He made breakfast with eggs and toast,tm_retrieval_high,0.6738943737743153,2.1155419963179156,6.495032985064742
🥚 🧀 🍞 🥛 😋,He ate a delicious meal of eggs cheese and toast with milk,He made breakfast with eggs and toast,tm_retrieval_high,0.6738943737743153,0.3377089960849844,8.085182710148956
🌮 🥙 🥑 🌽 🥤,They ordered tacos and salad with avocado and corn for lunch,We had tacos with avocado and corn,tm_retrieval_high,0.9033193369932432,0.2927090026787482,24.549475440235113
🌮 🥙 🥑 🌽 🥤,She enjoyed a mexican feast of tacos salad avocado and sweet corn,We had tacos with avocado and corn,tm_retrieval_high,0.9033193369932432,0.27254200540483,7.64649370538093
🍚 🍜 🥟 🥢 🥡,We ate rice and noodles with dumplings from the takeout box,The asian dinner included noodles,tm_retrieval_high,0.8923510187763147,0.26754099963000044,3.217409328795944
🍚 🍜 🥟 🥢 🥡,The dinner was rice noodles and dumplings served with chopsticks,The asian dinner included noodles,tm_retrieval_high,0.8923510187763147,0.2657910008565523,5.171845311465849
🥗 🥕 🥒 🥦 🥛,She prepared a healthy salad with carrots cucumber and broccoli,He ate a bowl of fresh vegetables,tm_retrieval_high,0.7090755440035562,0.26208299823338166,4.278179264606695
🥗 🥕 🥒 🥦 🥛,He ate a fresh salad containing carrots cucumber and broccoli,He ate a bowl of fresh vegetables,tm_retrieval_high,0.7090755440035562,0.2581669978098944,17.112717058426785
🍎 🍐 🍑 🥝 🍈,The fruit salad had apple pear peach kiwi and melon slices,He ate a melon and other fruits,tm_retrieval_high,0.8930525990422444,0.25683300191303715,4.410363736106612
🍎 🍐 🍑 🥝 🍈,She mixed apple pear peach kiwi and melon in a bowl,He ate a melon and other fruits,tm_retrieval_high,0.8930525990422444,0.2553749945946038,4.880869806051147
🧁 🥛 🥨 🥜 😋,The snack was a cupcake with milk pretzels and peanuts,We ate a cupcake and drank milk,tm_retrieval_high,0.6770971369988663,0.25429199740756303,10.175282441454787
🧁 🥛 🥨 🥜 😋,He enjoyed a treat of cupcakes milk pretzels and salty peanuts,We ate a cupcake and drank milk,tm_retrieval_high,0.6770971369988663,0.2479169997968711,4.880869806051147
🍷 🥂 🍾 🍺 🥃,The bar served wine champagne beer and whiskey all night,We drank wine and whiskey,tm_retrieval_high,0.9022803299690522,0.24966699857031927,8.697972365316726
🍷 🥂 🍾 🍺 🥃,They drank wine champagne beer and whiskey at the party,We drank wine and whiskey,tm_retrieval_high,0.9022803299690522,0.24370799656026065,11.115018927487522
🍗 🍖 🥩 🥘 🍷,We cooked chicken meat and steak in a pan with wine,The meat cooked over the hot flame,tm_retrieval_high,0.7065786306185582,0.2502080023987219,4.410363736106612
🍗 🍖 🥩 🥘 🍷,The chef prepared chicken meat and steak with a wine sauce,The meat cooked over the hot flame,tm_retrieval_high,0.7065786306185582,0.2559590066084638,4.410363736106612
🥪 🧀 🍞 🧺 ☀️,We packed sandwiches cheese and bread in the basket for a sunny day,The lunch was bread with steak,tm_retrieval_high,0.6628014274101414,0.24670900165801868,2.5275658895144484
🥪 🧀 🍞 🧺 ☀️,The picnic basket held sandwiches cheese and bread under the sun,The lunch was bread with steak,tm_retrieval_high,0.6628014274101414,0.24887500330805779,4.194930905450255
🐮 🐷 🐴 🐏 🏡,The farm had a cow pig horse and ram near the house,We saw farm animals eating grain,tm_retrieval_high,0.7214732754418365,0.2467500016791746,2.9859662827819125
🐮 🐷 🐴 🐏 🏡,We saw a cow pig horse and ram living on the farm,We saw farm animals eating grain,tm_retrieval_high,0.7214732754418365,0.381499994546175,6.60902979597904
🦁 🦓 🦒 🦘 🐻,The zoo animals included a lion zebra giraffe kangaroo and bear,The giraffe and zebra are wild animals,tm_retrieval_high,0.8799430829540763,0.31399999716086313,5.545738798841781
🦁 🦓 🦒 🦘 🐻,We watched the lion zebra giraffe kangaroo and bear exhibit,The giraffe and zebra are wild animals,tm_retrieval_high,0.8799430829540763,0.24783299886621535,5.630400552901077
🦈 🐟 🌊 ⛵ ☁️,The shark and fish swam in the ocean near the boat and clouds,He swam near the fish in the ocean,tm_retrieval_high,0.6454154021768046,0.247042000410147,15.049981051832416
🦈 🐟 🌊 ⛵ ☁️,We saw a shark and fish while sailing on the cloudy sea,He swam near the fish in the ocean,tm_retrieval_high,0.6454154021768046,0.39074999949662015,3.9832534781768225
🦅 🦉 🕊️ 🦜 🦢,The eagle owl dove parrot and swan are all birds,We saw an eagle and an owl,tm_retrieval_high,0.6541882107705338,0.30333299946505576,5.630400552901077
🦅 🦉 🕊️ 🦜 🦢,He studied the eagle owl dove parrot and swan in nature,We saw an eagle and an owl,tm_retrieval_high,0.6541882107705338,0.2871670003514737,4.880869806051147
🦋 🐛 🐜 🦟 🦗,The garden was full of butterflies bugs ants mosquitoes and crickets,The butterfly flew over the ants,tm_retrieval_high,0.6451915286046271,0.2826670024660416,4.194930905450255
🦋 🐛 🐜 🦟 🦗,She found a butterfly caterpillar ant mosquito and cricket outside,The butterfly flew over the ants,tm_retrieval_high,0.6451915286046271,0.2738330003921874,4.167251645138561
🐶 🐱 🏠 🦴 🐾,The dog and cat live in the house with their bone,Puppy played outside with a treat,tm_retrieval_high,0.6450501763205101,0.3441660010139458,3.5275023606301383
🐶 🐱 🏠 🦴 🐾,Our pet dog and cat played with a bone inside the home,Puppy played outside with a treat,tm_retrieval_high,0.6450501763205101,0.36212499981047586,6.60902979597904
🦉 🦇 🐺 🌙 🌟,The owl bat and wolf came out under the moon and stars,The owl looks at the moon,tm_retrieval_high,0.6027005340091778,0.30933400557842106,8.44558802779791
🦉 🦇 🐺 🌙 🌟,At night the owl bat and wolf appeared below the stars,The owl looks at the moon,tm_retrieval_high,0.6027005340091778,0.3000409997184761,4.194930905450255
🐻 🦊 🐗 🌲 🌳,The bear fox and boar live among the pine and deciduous trees,The fox hides in the trees,tm_retrieval_high,0.630756096290677,0.281541004369501,4.222794013898957
🐻 🦊 🐗 🌲 🌳,We saw a bear fox and boar in the deep forest,The fox hides in the trees,tm_retrieval_high,0.630756096290677,0.29062500107102096,7.807646168419154
🦖 🦕 🦎 🌿 🍖,The dinosaur and lizard ate plants and meat in the wild,Ancient lizards and amphibians,tm_retrieval_high,0.65941035117561,0.28900000324938446,2.7757915716335906
🦖 🦕 🦎 🌿 🍖,Ancient dinosaurs and lizards consumed herbs and meat,Ancient lizards and amphibians,tm_retrieval_high,0.65941035117561,0.26441699446877465,7.733712583165139
🐻 🧊 🧣 🧤 🧥,The bear felt cold so he wore a scarf gloves and coat,Wear a scarf and gloves in the snow,tm_retrieval_high,0.6576605330006186,0.2557909974711947,7.966506956353643
🐻 🧊 🧣 🧤 🧥,In the ice and cold the bear needed a scarf and coat,Wear a scarf and gloves in the snow,tm_retrieval_high,0.6576605330006186,0.25679099780973047,13.398014283383116
🏫 📖 🎓 🏢 🤓,The student read a book at school and graduated with glasses,The student studied the notes at school,tm_retrieval_high,0.6574591664153484,0.28520899650175124,10.489671869455934
🏫 📖 🎓 🏢 🤓,He wore glasses while studying books at the university building,The student studied the notes at school,tm_retrieval_high,0.6574591664153484,0.24716700136195868,5.087641220727392
🏢 💼 📠 🗂️ 📊,The office worker used a briefcase fax machine and files for the chart,He worked in the office with data,tm_retrieval_high,0.8746011245002935,0.2540830028010532,3.3142882018868014
🏢 💼 📠 🗂️ 📊,She organized the files charts and fax machine in the office,He worked in the office with data,tm_retrieval_high,0.8746011245002935,0.24641700292704627,13.805184551789745
🎵 🎷 🥁 🎤 📻,The band played music with a saxophone drum microphone and radio,The singer performed while the music played,tm_retrieval_high,0.8796949035898506,0.30504100141115487,4.880869806051147
🎵 🎷 🥁 🎤 📻,We listened to the saxophone drum and singer on the radio,The singer performed while the music played,tm_retrieval_high,0.8796949035898506,0.2521249989513308,4.410363736106612
🥊 🥋 🏊 🏄 🏋️,The athlete practiced boxing swimming surfing and weightlifting,She practices karate,tm_retrieval_low,0.46992696171573417,0.25641599495429546,0.0
🥊 🥋 🏊 🏄 🏋️,He enjoys sports like boxing martial arts swimming and lifting,She practices karate,tm_retrieval_low,0.46992696171573417,0.24612500419607386,0.0
👗 👚 👠 👢 👞,She bought a dress blouse heels boots and shoes,She painted a picture of shoes,tm_retrieval_high,0.6713777252272509,0.24795900390017778,6.4790667469036025
👗 👚 👠 👢 👞,Her closet contains a dress shirt high heels and boots,She painted a picture of shoes,tm_retrieval_high,0.6713777252272509,0.25108300178544596,4.167251645138561
💍 👜 🧣 🧤 👒,She wore a ring and carried a bag scarf gloves and hat,We feel cozy,tm_retrieval_low,0.5332980203168481,0.2590000003692694,0.0
💍 👜 🧣 🧤 👒,The accessories included a ring handbag scarf and sun hat,We feel cozy,tm_retrieval_low,0.5332980203168481,0.2390829977230169,0.0
🏠 🏡 🛌 🚪 🔑,The house has a bed a door and a secure key,She swept the entry way,tm_retrieval_high,0.6709916807392963,0.24212500284193084,0.0
🏠 🏡 🛌 🚪 🔑,He locked the door of the home and went to his bed,She swept the entry way,tm_retrieval_high,0.6709916807392963,0.2508329998818226,2.6341919627252284
🏠 🔧 🧰 🔩 🚪,He fixed the house door using a wrench toolbox and bolt,The man fixed the tool with a wrench,tm_retrieval_high,0.6946882954884457,0.24358299560844898,10.735252131161188
🏠 🔧 🧰 🔩 🚪,The repairman used a wrench and bolts from his toolbox,The man fixed the tool with a wrench,tm_retrieval_high,0.6946882954884457,0.24095799744827673,9.519340818348473
🏦 💵 💸 🏧 💲,The bank exchanged dollar bills and money at the atm,The ATM gives money,tm_retrieval_high,0.6117478722933122,0.240708002820611,4.238556455648295
🏦 💵 💸 🏧 💲,He withdrew cash and dollars from the bank machine,The ATM gives money,tm_retrieval_high,0.6117478722933122,0.24200000189011917,0.0
❤️ 💍 👰 🤵 🛐,The groom and bride exchanged rings at the place of worship,The groom gave the bride a ring,tm_retrieval_high,0.874055158744033,0.2447500010021031,8.820727472213227
❤️ 💍 👰 🤵 🛐,They got married with rings and love in the chapel,The groom gave the bride a ring,tm_retrieval_high,0.874055158744033,0.2430829990771599,4.278179264606695
😴 💤 🛌 🌙 🌃,He went to sleep in his bed under the moon and city night,He slept well during the night,tm_retrieval_high,0.8996952215196,0.25191599706886336,3.3264637832151163
😴 💤 🛌 🌙 🌃,She fell asleep in bed dreaming of the moon and stars,He slept well during the night,tm_retrieval_high,0.8996952215196,0.24987499637063593,3.5275023606301383
🧹 🧽 🧼 🧴 🏠,She cleaned the house with a broom sponge soap and lotion,He washed the floor and tidied up,tm_retrieval_high,0.8623029836885903,0.39762500091455877,4.410363736106612
🧹 🧽 🧼 🧴 🏠,He used soap a sponge and a broom to clean the home,He washed the floor and tidied up,tm_retrieval_high,0.8623029836885903,0.2562500012572855,4.231118166423695
🚗 🚚 🛑 🗺️ 🏙️,The car and truck stopped at the sign on the city map,Cars and fire engines waited,tm_retrieval_high,0.6889719582820046,0.25270799960708246,2.6341919627252284
🚗 🚚 🛑 🗺️ 🏙️,We drove the car and truck through the city following the map,Cars and fire engines waited,tm_retrieval_high,0.6889719582820046,0.2464580029482022,2.6341919627252284
🛳️ ⛴️ 🚢 🗺️ 🌊,The ships and boats sailed across the ocean using a chart,Boats sailed on the ocean waves,tm_retrieval_high,0.6855631388470823,0.2378329954808578,7.807646168419154
🛳️ ⛴️ 🚢 🗺️ 🌊,We navigated the ferry and ship through the sea waves,Boats sailed on the ocean waves,tm_retrieval_high,0.6855631388470823,0.24933399981819093,4.955725306405571
🔥 🚒 🏥 💊 🤒,The fire truck rushed to the hospital with medicine for the fever,Emergency fire response vehicle,tm_retrieval_high,0.6943176873506192,0.24341599782928824,2.1617886496312457
🔥 🚒 🏥 💊 🤒,He had a fever so the ambulance took him to get pills,Emergency fire response vehicle,tm_retrieval_high,0.6943176873506192,0.2474590000929311,0.0
☀️ ☁️ 🌧️ 🌊 🧊,The weather changed from sun and cloud to rain and ice,Clouds brought rain and cold,tm_retrieval_high,0.6326081653591834,0.24958300491562113,6.434818657591886
☀️ ☁️ 🌧️ 🌊 🧊,It was sunny and cloudy before the rain and ice arrived,Clouds brought rain and cold,tm_retrieval_high,0.6326081653591834,0.24583299818914384,6.434818657591886
🕰️ 0️⃣ 1️⃣ 2️⃣ 3️⃣,The old clock struck one two three in the afternoon,Binary numbers frighten me,tm_retrieval_low,0.5342072289173447,0.24654200387885794,0.0
🕰️ 0️⃣ 1️⃣ 2️⃣ 3️⃣,Time passed from twelve to one two and three o'clock,Binary numbers frighten me,tm_retrieval_low,0.5342072289173447,0.2372090020799078,0.0
4️⃣ 5️⃣ 6️⃣ 7️⃣ 8️⃣,The numbers listed were four five six seven and eight,We eat fish and eat fish,t5_fallback,0.3465776730369646,1131.878667001729,4.167251645138561
4️⃣ 5️⃣ 6️⃣ 7️⃣ 8️⃣,He counted the items four five six seven and eight,We eat fish and eat fish,t5_fallback,0.3465776730369646,266.4342089992715,4.167251645138561
0️⃣ 1️⃣ 🔟 💯 ✖️,The student scored zero one ten and one hundred on the math test,Binary numbers frighten me,tm_retrieval_low,0.5267708623495672,0.4923750020680018,0.0
0️⃣ 1️⃣ 🔟 💯 ✖️,He learned numbers like zero ten and one hundred in multiplication,Binary numbers frighten me,tm_retrieval_low,0.5267708623495672,0.29508399893529713,2.7757915716335906
🧪 🔬 🧬 🧠 🦴,The scientist studied the dna brain and bone with a microscope,Scientists studied dna and medicine,tm_retrieval_high,0.6852732564685291,0.2796669941744767,4.234348806659263
🧪 🔬 🧬 🧠 🦴,We examined the tube dna brain and bone in the lab,Scientists studied dna and medicine,tm_retrieval_high,0.6852732564685291,0.26950000028591603,3.826166065680266
🧙 🧛 🧜 🧞 🦄,The wizard vampire mermaid genie and unicorn are mythical creatures,We ask for more,tm_retrieval_low,0.47469490928294644,0.26783299836097285,0.0
🧙 🧛 🧜 🧞 🦄,Stories tell of a mage vampire mermaid and a magical unicorn,We ask for more,tm_retrieval_low,0.47469490928294644,0.26020800578407943,0.0
👻 🧟 🧛 👹 😱,The ghost zombie and vampire made the ogre scream in fear,I see a demon,tm_retrieval_low,0.46746810397259464,0.28204200498294085,0.0
👻 🧟 🧛 👹 😱,He screamed when he saw the ghost zombie and monster,I see a demon,tm_retrieval_low,0.46746810397259464,0.2679579993127845,0.0
🎁 🧁 🎇 🥳 🍾,We celebrated with gifts cupcakes fireworks and champagne,We celebrate now,tm_retrieval_low,0.47909075765445497,0.2639169979374856,5.197112497172873
🎁 🧁 🎇 🥳 🍾,The party had presents cakes sparkles and a bottle of wine,We celebrate now,tm_retrieval_low,0.47909075765445497,0.26154200168093666,0.0
💬 💭 🗣️ 🔉 🔇,The speaker spoke but the sound was muted in the thought bubble,We listen closely,tm_retrieval_low,0.47674590511171755,0.41295800474472344,0.0
💬 💭 🗣️ 🔉 🔇,He thought quietly while the speaker volume was turned off,We listen closely,tm_retrieval_low,0.47674590511171755,0.31870899692876264,0.0
🔧 🔩 🧲 🔗 🧷,The tools included a wrench bolt magnet link and pin,The worker fixed the chain with a wrench,tm_retrieval_high,0.6417584369388553,0.2941249986179173,9.519340818348473
🔧 🔩 🧲 🔗 🧷,He connected the link with a wrench bolt and safety pin,The worker fixed the chain with a wrench,tm_retrieval_high,0.6417584369388553,0.2756249959929846,15.181939159382823
🧻 🧼 🧽 🧴 🌊,The bathroom had paper soap a sponge lotion and water,Brush your teeth and wash with soap,tm_retrieval_high,0.6869490035697765,0.2778749985736795,5.087641220727392
🧻 🧼 🧽 🧴 🌊,She washed with soap and water using a sponge and tissue,Brush your teeth and wash with soap,tm_retrieval_high,0.6869490035697765,0.2656249998835847,8.208611846457007
➡️ 🔙 🔚 🔜 🔝,Follow the arrows forward back end soon and top,Direction arrows,tm_retrieval_high,0.6526604783458988,0.26870799774769694,1.509869171115925
➡️ 🔙 🔚 🔜 🔝,The signs pointed right back end soon and to the top,Direction arrows,tm_retrieval_high,0.6526604783458988,0.2537909967941232,0.0
✅ ❎ 🔞 📶 🚹,The signs showed check cross under eighteen signal and men's room,He goes inside,tm_retrieval_low,0.4824467851250306,0.26095800421899185,0.0
✅ ❎ 🔞 📶 🚹,He checked the signal and the restricted area symbols,He goes inside,tm_retrieval_low,0.4824467851250306,0.25437500153202564,3.7238938287986976
👪 👨 👩 👶 🏠,The family includes a father mother and baby in the house,They stay together,tm_retrieval_low,0.4836448899736562,0.2445840000291355,0.0
👪 👨 👩 👶 🏠,A man woman and baby live together as a family,They stay together,tm_retrieval_low,0.4836448899736562,0.24862500140443444,2.6682865255867765
❤️ 💋 🏩 🌹 🎁,She received a kiss a ring a rose and a gift at the hotel,The couple celebrated their wedding,tm_retrieval_high,0.6926700031700198,0.2560829962021671,0.0
❤️ 💋 🏩 🌹 🎁,He gave her love a rose and a present for the wedding,The couple celebrated their wedding,tm_retrieval_high,0.6926700031700198,0.25233299675164744,2.6341919627252284
👩 🍳 🥘 🍷 😋,The woman cooked a stew and served it with wine,We eat paella,tm_retrieval_low,0.48685385032917833,0.2610000010463409,0.0
👩 🍳 🥘 🍷 😋,She prepared a delicious meal of hot food and wine,We eat paella,tm_retrieval_low,0.48685385032917833,0.2610420051496476,0.0
🦇 🐃 🥊 🐟 🐛,The bat and water buffalo saw a fish and a bug near the boxing glove,They are strong,tm_retrieval_low,0.49091942182713455,0.26045800041174516,0.0
🦇 🐃 🥊 🐟 🐛,A bat flying over the buffalo spotted a fish bug and a glove,They are strong,tm_retrieval_low,0.49091942182713455,0.3256249983678572,0.0
🥡 🦩 🦉 🐟 🐃,The takeout box had fish for the flamingo owl and buffalo,They are strong,tm_retrieval_low,0.47694675643331347,0.42883299465756863,0.0
🥡 🦩 🦉 🐟 🐃,We fed the flamingo owl and buffalo with fish from the box,They are strong,tm_retrieval_low,0.47694675643331347,0.3329999963170849,0.0
🦔 🐣 🍺 🌷 🎞️,The hedgehog and chick drank beer near the tulip and film strip,She pets carefully,tm_retrieval_low,0.47458666665856236,0.3068329970119521,0.0
🦔 🐣 🍺 🌷 🎞️,A hedgehog and a small bird sat by the flower beer and movie film,She pets carefully,tm_retrieval_low,0.47458666665856236,0.27616599982138723,0.0
🦘 🦮 🦖 🦋 🦈,The kangaroo dog and dinosaur watched the butterfly and shark,The animal jumps,tm_retrieval_low,0.471726626507058,0.269124997430481,2.6682865255867765
🦘 🦮 🦖 🦋 🦈,A dog chased the kangaroo and dinosaur while a shark and butterfly watched,The animal jumps,tm_retrieval_low,0.471726626507058,0.262790999840945,0.0
🦬 🗃️ 🦉 🦎 🦗,The bison found a file box near the owl lizard and cricket,The owl watched the boy organize the files,tm_retrieval_low,0.49752471339410387,0.2598330029286444,4.408194605881708
🦬 🗃️ 🦉 🦎 🦗,An owl lizard and cricket watched the bison open the archive box,The owl watched the boy organize the files,tm_retrieval_low,0.49752471339410387,0.25333400117233396,7.966506956353643
🦙 🥊 🦗 🐦 🦋,The llama wore a boxing glove to fight the cricket bird and butterfly,I hear a cricket,tm_retrieval_low,0.46748616562556605,0.2592919991002418,2.002152301552759
🦙 🥊 🦗 🐦 🦋,A bird butterfly and cricket saw the llama with a red glove,I hear a cricket,tm_retrieval_low,0.46748616562556605,0.24770799791440368,2.570814443273602
🐂 🌹 🦖 🦩 🐗,The ox and boar ate a rose while the dinosaur and flamingo watched,A business bird with a flower bag,tm_retrieval_low,0.5221500713703514,0.26091600011568516,2.7869730680842904
🐂 🌹 🦖 🦩 🐗,A flamingo and dinosaur stood by the ox boar and red flower,A business bird with a flower bag,tm_retrieval_low,0.5221500713703514,0.254625003435649,3.8232468526904646
🦈 🦖 🦘 🐀 🦇,The shark and dinosaur frightened the kangaroo rat and bat,The animal jumps,tm_retrieval_low,0.48961885514762826,0.2502920033293776,2.6682865255867765
🦈 🦖 🦘 🐀 🦇,A kangaroo rat and bat ran from the shark and ancient lizard,The animal jumps,tm_retrieval_low,0.48961885514762826,0.2987500047311187,0.0
🥡 🦅 🦗 ✖️ 🌹,The eagle and cricket sat on the takeout box with a cross and rose,I hear a cricket,tm_retrieval_low,0.44352228989730097,0.2455829962855205,1.5592777802775042
🥡 🦅 🦗 ✖️ 🌹,He marked the box with a cross and rose for the bird and insect,I hear a cricket,tm_retrieval_low,0.44352228989730097,0.32691700471332297,1.3111910958201225
🦮 🐂 🐐 🎋 🐦,The guide dog led the ox and goat past the tree and bird,We celebrate stars,tm_retrieval_low,0.46639549422100995,0.27925000176765025,0.0
🦮 🐂 🐐 🎋 🐦,A bird sat in the bamboo while the dog ox and goat walked by,We celebrate stars,tm_retrieval_low,0.46639549422100995,0.2697079980862327,0.0
🌾 🥙 🥦 🍐 🍖,The meal included rice meat broccoli and a pear,I eat some meat,tm_retrieval_low,0.491103198186466,0.2637090001371689,4.576506607182439
🌾 🥙 🥦 🍐 🍖,He ate a pita sandwich with meat broccoli pear and rice grains,I eat some meat,tm_retrieval_low,0.491103198186466,0.25550000282237306,2.1617886496312457
🥘 🥥 🌮 🥖 🥛,The pan contained a coconut taco bread and milk,We eat paella,tm_retrieval_low,0.48434513916365807,0.24833399947965518,0.0
🥘 🥥 🌮 🥖 🥛,She cooked a taco and bread in the pan with coconut milk,We eat paella,tm_retrieval_low,0.48434513916365807,0.2491249979357235,0.0
🥢 🏢 🏣 🧇 🧉,The office workers ate waffles and drank mate with chopsticks,She works inside,tm_retrieval_low,0.4670655830705692,0.24287500127684325,0.0
🥢 🏢 🏣 🧇 🧉,He used chopsticks to eat waffles and tea at the post office,She works inside,tm_retrieval_low,0.4670655830705692,0.24045800091698766,0.0
🥝 🧁 🍴 🧂 🍈,The kiwi cupcake and melon were served with a fork and salt,We dine together,tm_retrieval_low,0.48090435133619996,0.23983400024008006,0.0
🥝 🧁 🍴 🧂 🍈,She ate the sweet fruit and cake using a fork and salt,We dine together,tm_retrieval_low,0.48090435133619996,0.24375000066356733,0.0
🍐 🍈 🧋 🥙 🥫,The canned food included pear melon tea and a stuffed pita,We chew the boba,tm_retrieval_low,0.5133763895843986,0.2458749950164929,0.0
🍐 🍈 🧋 🥙 🥫,He bought a can of fruit juice melon pear and a sandwich,We chew the boba,tm_retrieval_low,0.5133763895843986,0.2495420048944652,0.0
🧉 🧋 🏣 🥒 🔶,The post office served tea cucumber and a large orange gem,We chew the boba,tm_retrieval_low,0.5120881586082797,0.2508750039851293,0.0
🧉 🧋 🏣 🥒 🔶,She drank tea and ate a cucumber near the orange diamond building,We chew the boba,tm_retrieval_low,0.5120881586082797,0.24300000222865492,2.1617886496312457
🥪 🌾 🥥 🌮 🥜,The sandwich taco and peanuts were made with rice and coconut,I eat a peanut,tm_retrieval_low,0.4744636155726807,0.4404580031405203,0.0
🥪 🌾 🥥 🌮 🥜,He prepared a meal of peanuts coconut rice bread and tacos,I eat a peanut,tm_retrieval_low,0.4744636155726807,0.37487500230781734,2.7757915716335906
🍲 🥖 🥪 🥑 🍴,The fork was used for the soup bread sandwich and avocado,We dine together,tm_retrieval_low,0.4854679196981894,0.2924579966929741,0.0
🍲 🥖 🥪 🥑 🍴,She ate the avocado soup and baguette sandwich with a fork,We dine together,tm_retrieval_low,0.4854679196981894,0.27112499810755253,0.0
🥦 🍐 🥒 🍲 💪,The strong man ate broccoli pear cucumber and soup,The cricket ate pear and broccoli,tm_retrieval_low,0.48100758337267213,0.27183400379726663,7.361641114467454
🥦 🍐 🥒 🍲 💪,He built muscle by eating soup broccoli cucumber and pears,The cricket ate pear and broccoli,tm_retrieval_low,0.48100758337267213,0.2655000062077306,4.955725306405571
🥝 🍐 🥨 🍲 🧀,The cheese soup came with a pretzel kiwi and pear,Eat the pretzel with cheese,tm_retrieval_high,0.6132892646796047,0.26695799897424877,5.171845311465849
🥝 🍐 🥨 🍲 🧀,She dipped the pretzel in cheese soup and ate the fruit,Eat the pretzel with cheese,tm_retrieval_high,0.6132892646796047,0.257874999078922,7.1212974649072365
💵 🎤 🔬 🙁 🏫,The school bought a microphone and microscope with the dollar bills,I feel unhappy,tm_retrieval_low,0.5195838591586529,0.2558330015745014,0.0
💵 🎤 🔬 🙁 🏫,He frowned because the school spent money on audio and science gear,I feel unhappy,tm_retrieval_low,0.5195838591586529,0.24850000045262277,0.0
🦽 🤠 😭 😏 😘,The cowboy in the wheelchair cried and then kissed his friend,The cowboy smirked at the thought bubble,tm_retrieval_low,0.4725796109231514,0.2474590000929311,8.208611846457007
🦽 🤠 😭 😏 😘,He smirked and kissed the crying cowboy who sat in the wheelchair,The cowboy smirked at the thought bubble,tm_retrieval_low,0.4725796109231514,0.240790999669116,4.231118166423695
🏜️ 🌞 💋 0️⃣ 🖕,The sun shone on the desert kiss and the zero finger sign,He feels angry,tm_retrieval_low,0.4699158009303398,0.2487500023562461,0.0
🏜️ 🌞 💋 0️⃣ 🖕,He showed a rude finger and a kiss in the hot desert sun,He feels angry,tm_retrieval_low,0.4699158009303398,0.2464580029482022,0.9816077559181531
🥁 🚪 🐮 🧻 🦻,The cow heard the drum through the door and grabbed the tissue,I see a cow,tm_retrieval_low,0.4815914095585618,0.2520000052754767,2.1617886496312457
🥁 🚪 🐮 🧻 🦻,We heard the drum and cow behind the door with our ear,I see a cow,tm_retrieval_low,0.4815914095585618,0.2524169976823032,2.1617886496312457
🐻 👉 🚪 😑 🤐,The bear pointed at the door and kept his mouth shut,She looks annoyed,tm_retrieval_low,0.486253638505906,0.24779100203886628,0.0
🐻 👉 🚪 😑 🤐,He pointed the bear to the door and remained silent,She looks annoyed,tm_retrieval_low,0.486253638505906,0.24974999541882426,0.0
🔟 🤢 🥭 🗻 6️⃣,The sick person ate mango near the mountain at ten and six,He scores a ten,tm_retrieval_low,0.44259249253396044,0.24979199952213094,2.1617886496312457
🔟 🤢 🥭 🗻 6️⃣,He felt nauseous after eating six or ten mangoes on the mountain,He scores a ten,tm_retrieval_low,0.44259249253396044,0.2467500016791746,2.570814443273602
🍳 📕 🐷 🐶 🥁,The pig and dog played the drum while reading the cookbook,I see a pig,tm_retrieval_low,0.4862127512404343,0.24758300423854962,2.7757915716335906
🍳 📕 🐷 🐶 🥁,She cooked with a pan while the animals played music and read,I see a pig,tm_retrieval_low,0.4862127512404343,0.24316700000781566,2.1617886496312457
🏦 🧗 🦊 👏 😠,The angry fox clapped for the climber at the bank,The sick person clapped angrily,tm_retrieval_low,0.5381158861894552,0.2417089999653399,4.673289785800724
🏦 🧗 🦊 👏 😠,He climbed the bank wall while the angry fox applauded,The sick person clapped angrily,tm_retrieval_low,0.5381158861894552,0.2401249948889017,0.0
🎓 🏊 🥂 👦 😄,The graduate swam and drank champagne with the happy boy,The student graduated from the university,tm_retrieval_low,0.47413349742940397,0.24570799723733217,4.955725306405571
🎓 🏊 🥂 👦 😄,The happy boy wore a graduation cap while swimming and drinking,The student graduated from the university,tm_retrieval_low,0.47413349742940397,0.2418329968350008,3.5275023606301383
🥯 😶 🌗 💼 🥎,The silent worker carried a briefcase bagel and softball,I see the moon,tm_retrieval_low,0.47742741792648075,0.25137499324046075,0.0
🥯 😶 🌗 💼 🥎,He ate a bagel and held his case under the half moon,I see the moon,tm_retrieval_low,0.47742741792648075,0.2442920012981631,2.570814443273602
🧛 🎁 👂 🚣 💺,The vampire listened to the gift on the boat seat,They are rowing,tm_retrieval_low,0.4787480181436041,0.2457919981679879,0.0
🧛 🎁 👂 🚣 💺,A vampire in the rowboat seat heard a sound from the box,They are rowing,tm_retrieval_low,0.4787480181436041,0.2500409973436035,0.0
🧅 💲 💷 🚣 ☁️,The cloud floated over the boat filled with onions and money,I see the sign,tm_retrieval_low,0.4978751356697355,0.24491700605722144,2.7757915716335906
🧅 💲 💷 🚣 ☁️,He paid pounds and dollars for the onions on the cloudy boat,I see the sign,tm_retrieval_low,0.4978751356697355,0.24287499400088564,2.1617886496312457
🚚 👹 🛑 🥻 🧅,The truck carried an ogre onions a sari and a stop sign,I chop an onion,tm_retrieval_low,0.4822368883636341,0.2451249965815805,2.1617886496312457
🚚 👹 🛑 🥻 🧅,We stopped the truck to see the monster wearing a dress,I chop an onion,tm_retrieval_low,0.4822368883636341,0.243875001615379,0.0
➗ 🦹 🦣 🆕 🚚,The superhero divided the new mammoth into the truck,He starts fresh,tm_retrieval_low,0.4774129236933972,0.2440839962218888,0.0
➗ 🦹 🦣 🆕 🚚,A new truck arrived with a mammoth and a math villain,He starts fresh,tm_retrieval_low,0.4774129236933972,0.24120799935190007,0.0
🤺 🛌 🥯 🚆 🥎,The fencer slept on the train with a bagel and ball,We have breakfast,tm_retrieval_low,0.473563584143568,0.24170800315914676,0.0
🤺 🛌 🥯 🚆 🥎,She played softball then slept in the train bed with bread,We have breakfast,tm_retrieval_low,0.473563584143568,0.2384590043220669,0.0
🔔 🧆 🏩 ❔ 🗣️,The hotel bell rang and the person spoke about the falafel,She is unsure,tm_retrieval_low,0.4549111684998249,0.24237500474555418,0.0
🔔 🧆 🏩 ❔ 🗣️,He asked a question about the food and bell at the love hotel,She is unsure,tm_retrieval_low,0.4549111684998249,0.24375000066356733,0.0
🥗 💱 🚉 🍗 🧷,The salad and chicken were exchanged at the station safely,The meal is hot,tm_retrieval_low,0.47815505360850985,0.24354199558729306,3.564186929405141
🥗 💱 🚉 🍗 🧷,He used a safety pin to hold the money for the chicken salad,The meal is hot,tm_retrieval_low,0.47815505360850985,0.24108400248223916,0.0
✴️ 🥗 🔓 🚚 📃,The truck document listed a salad unlock code and star,I read the page,tm_retrieval_low,0.5391983492903901,0.25091700081247836,0.0
✴️ 🥗 🔓 🚚 📃,He unlocked the truck to find the paper salad and orange star,I read the page,tm_retrieval_low,0.5391983492903901,0.24058300186879933,2.1617886496312457
🆓 💸 🏩 ✡️ ⛏️,The miner found free money and a star at the hotel,I see the sign,tm_retrieval_low,0.4522174844818722,0.23949999740580097,2.7757915716335906
🆓 💸 🏩 ✡️ ⛏️,He used a pickaxe to get the cash and star from the building,I see the sign,tm_retrieval_low,0.4522174844818722,0.24716700136195868,1.683602693167689
📼 🎲 🤽 💴 🌨️,The gamer played water polo in the snow with a tape and money,I watch a tape,tm_retrieval_low,0.46374820411068873,0.24654199660290033,3.367205386335378
📼 🎲 🤽 💴 🌨️,He watched a video of the snowy water sport and rolled the die,I watch a tape,tm_retrieval_low,0.46374820411068873,0.24441699497401714,1.683602693167689
🚣 🧐 🦬 🐮 🧝,The elf and rich man rowed past the cow and buffalo,I see a cow,tm_retrieval_low,0.4677685973388313,0.24479199782945216,2.7757915716335906
🚣 🧐 🦬 🐮 🧝,A magical elf saw the bison cow and rower wearing a monocle,I see a cow,tm_retrieval_low,0.4677685973388313,0.24454200320178643,2.570814443273602
🔞 🥩 🤤 👃 👰,The bride smelled the steak and drooled in the restricted area,The bride used a compass for the adult trip,tm_retrieval_low,0.5060800531409532,0.24558400036767125,8.449917822620138
🔞 🥩 🤤 👃 👰,The hungry bride smelled the meat in the adults only zone,The bride used a compass for the adult trip,tm_retrieval_low,0.5060800531409532,0.24249999842140824,5.0243511979240845
🤬 ❗ 7️⃣ 🛢️ ☪️,He cursed at the oil drum number seven and the crescent star,We pay attention,tm_retrieval_low,0.5280799274465441,0.24624999787192792,0.0
🤬 ❗ 7️⃣ 🛢️ ☪️,The angry face shouted near the fuel drum and religious symbol,We pay attention,tm_retrieval_low,0.5280799274465441,0.24133300030371174,0.0
😶 🍑 🦩 🌾 🥁,The flamingo played the drum silently near the peach and rice,He keeps quiet,tm_retrieval_low,0.49373091942146535,0.24358399969059974,0.0
😶 🍑 🦩 🌾 🥁,He beat the drum for the bird and fruit without speaking,He keeps quiet,tm_retrieval_low,0.49373091942146535,0.2397499993094243,1.9119108411650758
➡️ 🥒 💔 😐 🦽,The arrow pointed to the cucumber broken heart and wheelchair,Take a selfie in the wheelchair and go right,tm_retrieval_low,0.5381488699548522,0.24979199952213094,5.61480827173619
➡️ 🥒 💔 😐 🦽,He sat in the wheelchair with a neutral face and broken heart,Take a selfie in the wheelchair and go right,tm_retrieval_low,0.5381488699548522,0.24029199994402006,14.448814886766836
💩 🤏 🤮 ⚔️ 😵,The smell of poop made him vomit and feel dizzy in the fight,We faint away,tm_retrieval_low,0.4852693271157973,0.2460000032442622,0.0
💩 🤏 🤮 ⚔️ 😵,He felt sick and dizzy after seeing the waste and swords,We faint away,tm_retrieval_low,0.4852693271157973,0.27799999952549115,0.0
🚒 🥡 🤥 💯 ✴️,The fire truck brought a hundred boxes of food and stars,We agree wholly,tm_retrieval_low,0.5208437939572214,0.24058299459284171,0.0
🚒 🥡 🤥 💯 ✴️,The liar said there were one hundred takeout boxes on the truck,We agree wholly,tm_retrieval_low,0.5208437939572214,0.2476250010658987,0.0
🏙️ 🚗 🤗 🥖 ⚧️,The car drove through the city with bread and a hug,She smiles warmly,tm_retrieval_low,0.4569006374721901,0.24283299717353657,0.0
🏙️ 🚗 🤗 🥖 ⚧️,We shared a hug and baguette in the car near the transgender symbol,She smiles warmly,tm_retrieval_low,0.4569006374721901,0.24012500216485932,0.0
🧼 📜 🧞 💶 📒,The genie came from the scroll with soap money and a book,We ask for more,tm_retrieval_low,0.47504439589995295,0.24020799901336432,0.0
🧼 📜 🧞 💶 📒,She wrote in the ledger about the magic genie soap and cash,We ask for more,tm_retrieval_low,0.47504439589995295,0.2354160023969598,0.0
🥋 😮 🔩 🔗 🤫,The martial artist was shocked by the nut link and silence,We say nothing,tm_retrieval_low,0.46284458129997536,0.23962499835761264,0.0
🥋 😮 🔩 🔗 🤫,He quietly linked the metal bolt while wearing his karate uniform,We say nothing,tm_retrieval_low,0.46284458129997536,0.2399160002823919,0.0
💍 🤓 💷 🕰️ 🔊,The nerd bought a ring and clock with his pound notes,They study hard,tm_retrieval_low,0.47029431012273715,0.2392919996054843,0.0
💍 🤓 💷 🕰️ 🔊,He turned up the volume when the nerd showed the ring and money,They study hard,tm_retrieval_low,0.47029431012273715,0.23712500114925206,0.0
🚪 🏃 🙁 👈 🗺️,He ran out the door frowning and pointing at the map,The finger points,tm_retrieval_low,0.4918588912224663,0.24895800015656278,0.0
🚪 🏃 🙁 👈 🗺️,The runner left the door sad while pointing to the map,The finger points,tm_retrieval_low,0.4918588912224663,0.23608300398336723,1.9119108411650758
🛢️ ⛰️ 🏄 📻 🏡,He listened to the radio while surfing near the house and oil drum,We play the hits,tm_retrieval_low,0.46724685573367203,0.23995799710974097,1.683602693167689
🛢️ ⛰️ 🏄 📻 🏡,The house near the mountain had an oil drum and radio for the surfer,We play the hits,tm_retrieval_low,0.46724685573367203,0.2356670011067763,1.3111910958201225
🚟 🚚 🧥 🔬 💔,The scientist with a broken heart left his coat in the truck,She is so sad,tm_retrieval_low,0.4787972117277395,0.23841700021876022,0.0
🚟 🚚 🧥 🔬 💔,She took the train and truck to move the microscope and coat,She is so sad,tm_retrieval_low,0.4787972117277395,0.23708299704594538,2.1617886496312457
😬 🥯 🙃 🍾 👉,He made a grimace while pointing at the bagel and champagne,They look goofy,tm_retrieval_low,0.49288890391440526,0.24104199837893248,0.0
😬 🥯 🙃 🍾 👉,The upside down face pointed at the bagel and popping bottle,They look goofy,tm_retrieval_low,0.49288890391440526,0.23787499958416447,0.0
🥵 2️⃣ 💤 📖 🔬,The hot student fell asleep reading two books near the microscope,He studies hard,tm_retrieval_low,0.4334743545869531,0.24066700279945508,0.0
🥵 2️⃣ 💤 📖 🔬,He felt hot and sleepy after studying two slides under the microscope,He studies hard,tm_retrieval_low,0.4334743545869531,0.23825000243959948,1.3699439807202476
⛵ 🥶 👨 👧 📐,The man and girl felt cold on the boat measuring with a ruler,He draws a line,tm_retrieval_low,0.4618348666088906,0.24154100537998602,1.683602693167689
⛵ 🥶 👨 👧 📐,A cold man and girl used a ruler on the sailboat,He draws a line,tm_retrieval_low,0.4618348666088906,0.24320800002897158,2.7757915716335906
💍 📠 😊 🏙️ 🔉,The office in the city sent a fax about the ring with a smile,We listen closely,tm_retrieval_low,0.49816397664920176,0.2436659997329116,0.0
💍 📠 😊 🏙️ 🔉,She smiled at the ring while the city fax machine beeped,We listen closely,tm_retrieval_low,0.49816397664920176,0.24200000189011917,0.0
🦓 🚆 🌞 🤤 🧎,The zebra watched the train under the sun while the person kneeled,I see the sun,tm_retrieval_low,0.46636087720984487,0.2384999970672652,4.323577299262492
🦓 🚆 🌞 🤤 🧎,He kneeled and drooled looking at the zebra and sunny train,I see the sun,tm_retrieval_low,0.46636087720984487,0.23858300119172782,2.7757915716335906
💵 🏋️ ✋ 😕 🔔,The confused lifter held up a hand when the bell rang for money,I feel confused,tm_retrieval_low,0.4702232208423241,0.24200000189011917,0.9816077559181531
💵 🏋️ ✋ 😕 🔔,He paid dollars to lift weights but stopped at the bell,I feel confused,tm_retrieval_low,0.4702232208423241,0.23829199926694855,0.0
🦙 🐐 🦋 🗃️ 🌹,The llama and goat found a rose and butterfly in the file box,The animal climbs,tm_retrieval_low,0.4624324870432917,0.23895799677120522,0.9816077559181531
🦙 🐐 🦋 🗃️ 🌹,A butterfly and rose were kept in the box near the llama and goat,The animal climbs,tm_retrieval_low,0.4624324870432917,0.23641700681764632,0.0
🦔 🍜 🐀 🌹 🌷,The hedgehog and rat ate noodles near the rose and tulip,Tulips and roses are flowers,tm_retrieval_high,0.6412581481403399,0.2390000008745119,3.217409328795944
🦔 🍜 🐀 🌹 🌷,A rat and hedgehog shared a bowl of noodles in the flower garden,Tulips and roses are flowers,tm_retrieval_high,0.6412581481403399,0.23737499577691779,2.156693969393993
🍜 🥐 🕊️ 🦉 🦈,The owl and dove watched the shark eat noodles and a croissant,We have breakfast,tm_retrieval_low,0.4790161941931004,0.24008299806155264,0.0
🍜 🥐 🕊️ 🦉 🦈,A shark ate a croissant and noodles while birds watched,We have breakfast,tm_retrieval_low,0.4790161941931004,0.23504199634771794,0.0
🦖 🦫 🥡 🦢 🐦,The dinosaur and beaver shared a takeout box with the swan,He sees a swan,tm_retrieval_low,0.5049678943728766,0.24491699878126383,3.300991086751251
🦖 🦫 🥡 🦢 🐦,A bird and swan watched the beaver and dinosaur eat takeout,He sees a swan,tm_retrieval_low,0.5049678943728766,0.24154200218617916,2.7757915716335906
🐀 🦎 🐛 🐣 🥡,The rat lizard and bug found food in the takeout box,I see a chick,tm_retrieval_low,0.46922660772716424,0.24275000032503158,0.0
🐀 🦎 🐛 🐣 🥡,A chick and lizard ate from the takeout box with the rat and bug,I see a chick,tm_retrieval_low,0.46922660772716424,0.24037499679252505,1.3111910958201225
🦎 🌿 🦢 🥡 🐂,The lizard and ox ate herbs and takeout near the swan,He sees a swan,tm_retrieval_low,0.4920305086841156,0.24066699552349746,2.7757915716335906
🦎 🌿 🦢 🥡 🐂,A swan and ox found herbs and a box for the lizard,He sees a swan,tm_retrieval_low,0.4920305086841156,0.23779199545970187,2.570814443273602
🦘 🥡 🧰 ✖️ 🦇,The kangaroo put the takeout and bat in the toolbox,The animal jumps,tm_retrieval_low,0.4464843560398091,0.23916699865367264,2.6682865255867765
🦘 🥡 🧰 ✖️ 🦇,A bat and kangaroo marked the toolbox and food with a cross,The animal jumps,tm_retrieval_low,0.4464843560398091,0.2373750030528754,0.0
🦎 🌹 🍺 🦢 🦙,The lizard and llama drank beer near the rose and swan,He sees a swan,tm_retrieval_low,0.49781561003174074,0.2374579999013804,2.7757915716335906
🦎 🌹 🍺 🦢 🦙,A swan and lizard sat by the rose and beer with the llama,He sees a swan,tm_retrieval_low,0.49781561003174074,0.24700000358279794,1.683602693167689
🐦 🍺 🦖 📶 🐗,The dinosaur and boar drank beer near the bird and signal,I see a boar,tm_retrieval_low,0.46935295357838386,0.23945899738464504,2.7757915716335906
🐦 🍺 🦖 📶 🐗,A bird perched on the signal while the boar and dino had beer,I see a boar,tm_retrieval_low,0.46935295357838386,0.35562500124797225,1.683602693167689
🦈 🥐 🕸️ 🦘 🐏,The shark and kangaroo found a croissant in the spider web,We have breakfast,tm_retrieval_low,0.4702232208423241,0.2964169980259612,0.0
🦈 🥐 🕸️ 🦘 🐏,A ram and kangaroo saw a shark eating a croissant near the web,We have breakfast,tm_retrieval_low,0.4702232208423241,0.2757499969447963,0.0
🥕 🥫 🧇 📙 🍐,She read the book while eating a waffle carrot and pear,I open the can,tm_retrieval_low,0.49939015088647165,0.2678749951883219,2.7757915716335906
🥕 🥫 🧇 📙 🍐,The meal was canned food waffles carrots and a fresh pear,I open the can,tm_retrieval_low,0.49939015088647165,0.2682920021470636,0.0
📙 🍴 🥛 🥜 🔩,He read the book while eating peanuts with milk and a fork,I read the book,tm_retrieval_low,0.49150320078813053,0.26308300584787503,8.047084086794415
📙 🍴 🥛 🥜 🔩,The mechanic ate peanuts and milk with a fork near the bolt,I read the book,tm_retrieval_low,0.49150320078813053,0.265041999227833,2.1617886496312457
🥩 🍐 🧀 🌾 🏢,The office worker ate meat cheese pear and rice for lunch,She works inside,tm_retrieval_low,0.49525903802879506,0.2581659937277436,0.0
🥩 🍐 🧀 🌾 🏢,He brought a lunch of steak cheese and pear to the building,She works inside,tm_retrieval_low,0.49525903802879506,0.2532500002416782,0.0
🍷 🍎 🧂 🍲 🥫,The cook used wine salt and an apple in the canned soup,I open the can,tm_retrieval_low,0.5252190856861113,0.2512089995434508,2.1617886496312457
🍷 🍎 🧂 🍲 🥫,She made a stew with canned food apple wine and salt,I open the can,tm_retrieval_low,0.5252190856861113,0.24887499603210017,0.0
🥙 🍞 🥫 🍐 🍎,The picnic included flatbread bread canned fruit pear and apple,I open the can,tm_retrieval_low,0.5195087794597717,0.24608300009276718,0.0
🥙 🍞 🥫 🍐 🍎,He ate a sandwich with an apple pear and canned food,I open the can,tm_retrieval_low,0.5195087794597717,0.24633300199639052,0.0
🥟 🥦 🥕 🍖 🥄,She used a spoon to eat the dumpling meat broccoli and carrot,Eat broccoli and carrots,tm_retrieval_high,0.6189919423514008,0.24716699408600107,4.323577299262492
🥟 🥦 🥕 🍖 🥄,The stew contained carrots broccoli dumplings and meat,Eat broccoli and carrots,tm_retrieval_high,0.6189919423514008,0.2464159988448955,7.733712583165139
🌾 🥚 🧁 🥔 🍋,The recipe needs rice eggs potatoes lemon and a cupcake,We like citrus,tm_retrieval_low,0.47650312957511365,0.24737499916227534,0.0
🌾 🥚 🧁 🥔 🍋,She baked a cupcake and cooked eggs potatoes and rice with lemon,We like citrus,tm_retrieval_low,0.47650312957511365,0.24833300267346203,0.0
🧂 🧊 🍐 🍑 🥨,The snack was a salted pretzel with ice pear and peach,She freezes water,tm_retrieval_low,0.5084131892094675,0.24804200074868277,0.0
🧂 🧊 🍐 🍑 🥨,He ate a peach and pear with a salty pretzel and ice,She freezes water,tm_retrieval_low,0.5084131892094675,0.2474590000929311,0.0
🥛 🧊 🥟 🥔 📙,He read the book while eating dumplings potatoes and iced milk,I read the book,tm_retrieval_low,0.47875691434445067,0.2526659955037758,10.332660497667492
🥛 🧊 🥟 🥔 📙,The meal was cold milk dumplings and potatoes near the book,I read the book,tm_retrieval_low,0.47875691434445067,0.2519589979783632,5.551583143267181
🍲 🥩 🥔 🥄 🧊,She ate the hot meat and potato stew with a spoon and ice water,She freezes water,tm_retrieval_low,0.5043041354544571,0.24737499916227534,0.8861688619210014
🍲 🥩 🥔 🥄 🧊,The spoon was used for the meat and potato soup served with ice,She freezes water,tm_retrieval_low,0.5043041354544571,0.7781669992255047,0.0
💤 🥗 📍 💍 🌃,She fell asleep at night after eating salad and finding the ring,I see a pin,tm_retrieval_low,0.5044772900035492,0.2500420014257543,0.0
💤 🥗 📍 💍 🌃,He pinned the location of the ring and salad before sleeping,I see a pin,tm_retrieval_low,0.5044772900035492,0.24575000134063885,0.0
💣 🎷 👹 🔑 🏝️,The ogre on the island played the sax and held the key and bomb,The monster whistled on the island,tm_retrieval_low,0.49991910917672655,0.24554200354032218,8.558153335723473
💣 🎷 👹 🔑 🏝️,A monster with a key and bomb played jazz on the desert island,The monster whistled on the island,tm_retrieval_low,0.49991910917672655,0.2487500023562461,6.011598678897526
❕ 🍗 🧙 6️⃣ 🧳,The wizard packed six chicken legs in his luggage!,She exclaims now,tm_retrieval_low,0.45344835276533796,0.2474590000929311,0.0
❕ 🍗 🧙 6️⃣ 🧳,Alert! The mage put six turkey legs in the suitcase,She exclaims now,tm_retrieval_low,0.45344835276533796,0.24241700157290325,0.0
🥯 🌘 🥁 🧅 🦻,He heard the drum beat while eating a bagel and onion at night,I chop an onion,tm_retrieval_low,0.47566266365930926,0.24383300478802994,1.683602693167689
🥯 🌘 🥁 🧅 🦻,Under the moon the ear heard a drum while he ate an onion bagel,I chop an onion,tm_retrieval_low,0.47566266365930926,0.24454199592582881,2.6223821916402454
🤽 💃 🕳️ 🔗 🔵,The dancer and water polo player found a hole linked to the blue circle,We draw a dot,tm_retrieval_low,0.4713443444221391,0.25304200244136155,1.3111910958201225
🤽 💃 🕳️ 🔗 🔵,She danced near the blue circle and the linked hole in the water,We draw a dot,tm_retrieval_low,0.4713443444221391,0.2472080013831146,0.0
🤺 🧿 🎇 👠 🚺,The fencer with heels held a sparkler and amulet in the ladies room,Starry eyed at the fireworks and heels,tm_retrieval_low,0.485291159272183,0.24895800015656278,3.667862829704212
🤺 🧿 🎇 👠 🚺,A woman fencing wore heels and carried a charm and fireworks,Starry eyed at the fireworks and heels,tm_retrieval_low,0.485291159272183,0.2462920019752346,4.880869806051147
💵 ❕ 📠 🔙 🎅,Santa sent a fax about the money and said go back!,She exclaims now,tm_retrieval_low,0.49232898034245204,0.24395900254603475,0.0
💵 ❕ 📠 🔙 🎅,Santa Claus faxed a dollar bill and an alert to return,She exclaims now,tm_retrieval_low,0.49232898034245204,0.24233400472439826,0.0
🔚 🔟 🌨️ 🏫 👰,The bride left the school at the end of the ten snowy days,The bug finished its education,tm_retrieval_low,0.5107936359448498,0.24562500038882717,2.156693969393993
🔚 🔟 🌨️ 🏫 👰,After ten days of snow the bride went to the school end,The bug finished its education,tm_retrieval_low,0.5107936359448498,0.24483299785060808,0.0
💿 🎲 🥍 6️⃣ ✡️,He played lacrosse and rolled a six with the star and cd,I play lacrosse,tm_retrieval_low,0.4551130423416137,0.2433339977869764,1.3699439807202476
💿 🎲 🥍 6️⃣ ✡️,The game included a disc a die showing six a star and lacrosse,I play lacrosse,tm_retrieval_low,0.4551130423416137,0.240708002820611,0.9816077559181531
🔚 🔤 ➗ 🚉 🦹,The villain ended the math lesson at the train station,The villain weighed the alphabet,tm_retrieval_low,0.559618761814666,0.23933399643283337,8.697972365316726
🔚 🔤 ➗ 🚉 🦹,At the station the supervillain divided the letters at the end,The villain weighed the alphabet,tm_retrieval_low,0.559618761814666,0.2417920040898025,3.217409328795944
🦌 🐦 🏙️ 👉 🤱,The mother pointed at the deer and bird in the city,The animal runs,tm_retrieval_low,0.4805053959048733,0.24754100013524294,1.9119108411650758
🦌 🐦 🏙️ 👉 🤱,She fed the baby and pointed to the bird and deer in town,The animal runs,tm_retrieval_low,0.4805053959048733,0.24987499637063593,0.0
🧲 🤞 🤏 🐂 🚗,He crossed his fingers that the magnet would pull the ox and car,I see an ox,tm_retrieval_low,0.47612801190517723,0.24599999596830457,1.683602693167689
🧲 🤞 🤏 🐂 🚗,The driver used a small magnet to fix the ox cart and car,I see an ox,tm_retrieval_low,0.47612801190517723,0.2414580012555234,1.683602693167689
🎅 🍾 🐗 🐱 🌿,Santa opened champagne with the cat and boar in the herbs,I see a boar,tm_retrieval_low,0.46636087720984487,0.247582996962592,2.7757915716335906
🎅 🍾 🐗 🐱 🌿,The cat and boar watched Santa pop the cork near the plants,I see a boar,tm_retrieval_low,0.46636087720984487,0.24508400383638218,2.1617886496312457
📼 🥡 🥟 👉 🥎,He pointed at the video tape takeout dumplings and softball,We like dim sum,tm_retrieval_low,0.47421958123921937,0.2450419997330755,0.0
📼 🥡 🥟 👉 🥎,She ate a dumpling watched a tape and pointed to the ball,We like dim sum,tm_retrieval_low,0.47421958123921937,0.2916250014095567,0.0
🥜 😎 📘 🐦 🦜,The cool bird and parrot ate peanuts on the blue book,She studies hard,tm_retrieval_low,0.46054113481648584,0.26170800265390426,0.0
🥜 😎 📘 🐦 🦜,He wore sunglasses reading a book about parrots and peanuts,She studies hard,tm_retrieval_low,0.46054113481648584,0.26037500356324017,0.0
🧅 🧞 🧻 👚 👈,The genie pointed at the onion toilet paper and clothes,The finger points,tm_retrieval_low,0.4899484557063137,0.2514590014470741,2.6682865255867765
🧅 🧞 🧻 👚 👈,She pointed left to the genie holding paper onions and a shirt,The finger points,tm_retrieval_low,0.4899484557063137,0.25024999922607094,0.0
🔬 🦬 🐃 🌘 🔷,The scientist studied the bison and buffalo under the moon and diamond,I see a diamond,tm_retrieval_low,0.4657688249502666,0.24950000079115853,2.1617886496312457
🔬 🦬 🐃 🌘 🔷,We used a microscope to see the diamond on the buffalo at night,I see a diamond,tm_retrieval_low,0.4657688249502666,0.25220799579983577,2.215745752614824
📕 🦷 🌍 1️⃣ 🗝️,The first key opened the book about the world and teeth,I see the globe,tm_retrieval_low,0.4652362069032415,0.2482920026523061,2.7757915716335906
📕 🦷 🌍 1️⃣ 🗝️,One tooth and a key were found on the map in the book,I see the globe,tm_retrieval_low,0.4652362069032415,0.2435830028844066,1.683602693167689
🦽 🗯️ 🦜 👏 🧘,The parrot clapped for the person meditating in the wheelchair,They give praise,tm_retrieval_low,0.4583607307588819,0.24162499903468415,0.0
🦽 🗯️ 🦜 👏 🧘,He sat in the wheelchair and clapped while the parrot meditated,They give praise,tm_retrieval_low,0.4583607307588819,0.2364999963901937,0.0
🐗 🥵 🚒 ⚖️ 🦘,The hot boar and kangaroo saw the fire truck and scale,The animal jumps,tm_retrieval_low,0.4739674935885738,0.24237500474555418,1.9119108411650758
🐗 🥵 🚒 ⚖️ 🦘,A kangaroo and boar felt hot near the fire engine and scales,The animal jumps,tm_retrieval_low,0.4739674935885738,0.2466670048306696,0.0
